{
  "id": "818249",
  "name": "我的博客",
  "font_family": "iconfont",
  "css_prefix_text": "icon-",
  "description": "",
  "glyphs": [
    {
      "icon_id": "14628445",
      "name": "搜索",
      "font_class": "seach",
      "unicode": "e602",
      "unicode_decimal": 58882
    },
    {
      "icon_id": "3025064",
      "name": "必应 ",
      "font_class": "biying",
      "unicode": "e8c9",
      "unicode_decimal": 59593
    },
    {
      "icon_id": "8032672",
      "name": "360搜索",
      "font_class": "sousuo",
      "unicode": "e9e1",
      "unicode_decimal": 59873
    },
    {
      "icon_id": "8033514",
      "name": "谷歌搜索",
      "font_class": "gugesousuo",
      "unicode": "ea89",
      "unicode_decimal": 60041
    },
    {
      "icon_id": "14055556",
      "name": "百度",
      "font_class": "baidu",
      "unicode": "e612",
      "unicode_decimal": 58898
    },
    {
      "icon_id": "14620197",
      "name": "搜狗搜索",
      "font_class": "weibiaoti-22",
      "unicode": "e601",
      "unicode_decimal": 58881
    },
    {
      "icon_id": "1973188",
      "name": "男头像",
      "font_class": "user__easyico",
      "unicode": "e600",
      "unicode_decimal": 58880
    },
    {
      "icon_id": "1002158",
      "name": "QQ",
      "font_class": "qq",
      "unicode": "e6b4",
      "unicode_decimal": 59060
    },
    {
      "icon_id": "1381385",
      "name": "github",
      "font_class": "github",
      "unicode": "e628",
      "unicode_decimal": 58920
    },
    {
      "icon_id": "1719349",
      "name": "微信",
      "font_class": "weixin",
      "unicode": "e7ba",
      "unicode_decimal": 59322
    },
    {
      "icon_id": "3176645",
      "name": "GitHub",
      "font_class": "GitHub",
      "unicode": "ea0a",
      "unicode_decimal": 59914
    },
    {
      "icon_id": "271473",
      "name": "微信",
      "font_class": "unie655",
      "unicode": "e6ef",
      "unicode_decimal": 59119
    }
  ]
}
